<?xml version='1.0' encoding='UTF-8' ?>
<schemas xmlns='http://xml.netbeans.org/schema/JAXBWizConfig' destdir='build/generated-sources/jaxb' projectName='FlightBooking' version='1.0'>
	<schema type='-xmlschema' package='FlightBooking' name='FlightJAXB'>
		<xjc-options>
		</xjc-options>
		<schema-sources>
			<schema-source location='src/conf/xml-resources/jaxb/FlightJAXB/bookingSchema.xsd' origLocation='src/java/FlightBooking/bookingSchema.xsd'/>
		</schema-sources>
		<bindings>
		</bindings>
		<catalog/>
	</schema>
</schemas>
