<?xml version="1.0" encoding="UTF-8"?>
<project-private xmlns="http://www.netbeans.org/ns/project-private/1">
    <editor-bookmarks xmlns="http://www.netbeans.org/ns/editor-bookmarks/2" lastBookmarkId="0"/>
    <open-files xmlns="http://www.netbeans.org/ns/projectui-open-files/2">
        <group>
            <file>file:/D:/N0561281/SCC/Coursework%201/FlightBooking/src/java/FlightBooking/FlightBookingWS.java</file>
            <file>file:/D:/N0561281/SCC/Coursework%201/FlightBooking/src/java/FlightBooking/bookingSchema.xsd</file>
            <file>file:/D:/N0561281/SCC/Coursework%201/FlightBooking/src/conf/xml-resources/jaxb/FlightJAXB/bookingSchema.xsd</file>
        </group>
    </open-files>
</project-private>
